{"cameraMode":{"drawMode":0,"name":"Shaded","section":"Shading Mode"},"sceneLighting":false,"audioPlay":false,"sceneViewState":{"showFog":true,"showMaterialUpdate":false,"showSkybox":true,"showFlares":true,"showImageEffects":true,"showParticleSystems":true},"in2DMode":false,"pivot":{"x":399.907958984375,"y":223.36709594726563,"z":29.32183837890625},"rotation":{"x":0.018307074904441835,"y":-0.0105033153668046,"z":0.00019245644216425717,"w":0.9997772574424744},"size":436.5965576171875,"orthographic":false}