{"cameraMode":{"drawMode":0,"name":"Shaded","section":"Shading Mode"},"sceneLighting":false,"audioPlay":false,"sceneViewState":{"showFog":true,"showMaterialUpdate":false,"showSkybox":true,"showFlares":true,"showImageEffects":true,"showParticleSystems":true},"in2DMode":false,"pivot":{"x":667.3013916015625,"y":328.1858825683594,"z":-234.19589233398438},"rotation":{"x":0.013807560317218304,"y":-0.015003019943833352,"z":0.00020736745500471443,"w":0.9997920989990234},"size":155.85670471191407,"orthographic":false}