{"cameraMode":{"drawMode":0,"name":"Shaded","section":"Shading Mode"},"sceneLighting":true,"audioPlay":false,"sceneViewState":{"showFog":true,"showMaterialUpdate":false,"showSkybox":true,"showFlares":true,"showImageEffects":true,"showParticleSystems":true},"in2DMode":false,"pivot":{"x":98.61000061035156,"y":507.447509765625,"z":0.0},"rotation":{"x":0.03629791736602783,"y":-0.013495833612978459,"z":0.0004903085064142942,"w":0.9992498159408569},"size":183.350830078125,"orthographic":false}