{"cameraMode":{"drawMode":0,"name":"Shaded","section":"Shading Mode"},"sceneLighting":false,"audioPlay":false,"sceneViewState":{"showFog":true,"showMaterialUpdate":false,"showSkybox":true,"showFlares":true,"showImageEffects":true,"showParticleSystems":true},"in2DMode":false,"pivot":{"x":543.5193481445313,"y":207.0458221435547,"z":-18.11322021484375},"rotation":{"x":0.04495156183838844,"y":0.12255910784006119,"z":-0.005556790623813868,"w":0.9914271831512451},"size":582.7346801757813,"orthographic":false}