{"cameraMode":{"drawMode":0,"name":"Shaded","section":"Shading Mode"},"sceneLighting":false,"audioPlay":false,"sceneViewState":{"showFog":true,"showMaterialUpdate":false,"showSkybox":true,"showFlares":true,"showImageEffects":true,"showParticleSystems":true},"in2DMode":false,"pivot":{"x":447.5479431152344,"y":208.49276733398438,"z":30.076934814453126},"rotation":{"x":0.0362970270216465,"y":-0.014994822442531586,"z":0.0005448163137771189,"w":0.9992284178733826},"size":418.8854675292969,"orthographic":false}