{"cameraMode":{"drawMode":0,"name":"Shaded","section":"Shading Mode"},"sceneLighting":false,"audioPlay":false,"sceneViewState":{"showFog":true,"showMaterialUpdate":false,"showSkybox":true,"showFlares":true,"showImageEffects":true,"showParticleSystems":true},"in2DMode":false,"pivot":{"x":231.3907012939453,"y":208.1244354248047,"z":39.36319351196289},"rotation":{"x":-0.24349895119667054,"y":-0.05031430348753929,"z":0.012649750337004662,"w":-0.9685126543045044},"size":416.27117919921877,"orthographic":false}