{"cameraMode":{"drawMode":0,"name":"Shaded","section":"Shading Mode"},"sceneLighting":false,"audioPlay":false,"sceneViewState":{"showFog":true,"showMaterialUpdate":false,"showSkybox":true,"showFlares":true,"showImageEffects":true,"showParticleSystems":true},"in2DMode":false,"pivot":{"x":586.469970703125,"y":397.223388671875,"z":0.0},"rotation":{"x":-0.017679642885923387,"y":0.034482747316360477,"z":0.000610188115388155,"w":0.999248743057251},"size":557.4083862304688,"orthographic":false}