{"cameraMode":{"drawMode":0,"name":"Shaded","section":"Shading Mode"},"sceneLighting":false,"audioPlay":false,"sceneViewState":{"showFog":true,"showMaterialUpdate":false,"showSkybox":true,"showFlares":true,"showImageEffects":true,"showParticleSystems":true},"in2DMode":false,"pivot":{"x":433.9270324707031,"y":164.80667114257813,"z":82.32395935058594},"rotation":{"x":0.10006827116012573,"y":-0.10576420277357102,"z":0.010698315687477589,"w":0.9892855286598206},"size":283.1564636230469,"orthographic":false}