{"cameraMode":{"drawMode":0,"name":"Shaded","section":"Shading Mode"},"sceneLighting":false,"audioPlay":false,"sceneViewState":{"showFog":true,"showMaterialUpdate":false,"showSkybox":true,"showFlares":true,"showImageEffects":true,"showParticleSystems":true},"in2DMode":false,"pivot":{"x":166.01968383789063,"y":197.24969482421876,"z":20.097198486328126},"rotation":{"x":0.05726524069905281,"y":-0.02096947655081749,"z":0.001203098800033331,"w":0.9981380701065064},"size":371.29681396484377,"orthographic":false}